{"short": 1.2767122983932495, "medium": 1.8767123222351074, "long": 2.3945205211639404}